epoch,time,train/box_loss,train/cls_loss,train/dfl_loss,metrics/precision(B),metrics/recall(B),metrics/mAP50(B),metrics/mAP50-95(B),val/box_loss,val/cls_loss,val/dfl_loss,lr/pg0,lr/pg1,lr/pg2
1,89.6777,2.13246,3.07691,2.01217,0.16065,0.14407,0.08029,0.02325,2.59206,3.25754,2.25982,0.0802199,9.93976e-05,9.93976e-05
2,177.564,1.93005,2.49633,1.84966,0.56376,0.41525,0.44739,0.15986,2.22038,2.45619,1.9595,0.0603197,0.000199201,0.000199201
3,267.872,1.89885,2.28833,1.7721,0.60675,0.45763,0.45406,0.17008,2.39298,2.46449,2.08642,0.0404187,0.000298217,0.000298217
